-- MySQL dump 10.13  Distrib 5.7.17, for Win64 (x86_64)
--
-- Host: 127.0.0.1    Database: rhcomputacao
-- ------------------------------------------------------
-- Server version	5.7.19-log

/*!40101 SET @OLD_CHARACTER_SET_CLIENT=@@CHARACTER_SET_CLIENT */;
/*!40101 SET @OLD_CHARACTER_SET_RESULTS=@@CHARACTER_SET_RESULTS */;
/*!40101 SET @OLD_COLLATION_CONNECTION=@@COLLATION_CONNECTION */;
/*!40101 SET NAMES utf8 */;
/*!40103 SET @OLD_TIME_ZONE=@@TIME_ZONE */;
/*!40103 SET TIME_ZONE='+00:00' */;
/*!40014 SET @OLD_UNIQUE_CHECKS=@@UNIQUE_CHECKS, UNIQUE_CHECKS=0 */;
/*!40014 SET @OLD_FOREIGN_KEY_CHECKS=@@FOREIGN_KEY_CHECKS, FOREIGN_KEY_CHECKS=0 */;
/*!40101 SET @OLD_SQL_MODE=@@SQL_MODE, SQL_MODE='NO_AUTO_VALUE_ON_ZERO' */;
/*!40111 SET @OLD_SQL_NOTES=@@SQL_NOTES, SQL_NOTES=0 */;

--
-- Table structure for table `colaborador`
--

DROP TABLE IF EXISTS `colaborador`;
/*!40101 SET @saved_cs_client     = @@character_set_client */;
/*!40101 SET character_set_client = utf8 */;
CREATE TABLE `colaborador` (
  `CHAPA` int(8) unsigned zerofill NOT NULL AUTO_INCREMENT,
  `NOMECOLABORADOR` varchar(100) NOT NULL,
  `SEXO` char(1) NOT NULL,
  `DTNASC` date NOT NULL,
  `SALARIO` decimal(15,2) DEFAULT NULL,
  `IDF` varchar(10) DEFAULT NULL,
  `DTADMISSAO` date NOT NULL,
  `DTDEMISSAO` date DEFAULT NULL,
  `IDST` int(11) DEFAULT NULL,
  PRIMARY KEY (`CHAPA`),
  KEY `IDF` (`IDF`),
  KEY `IDST` (`IDST`),
  CONSTRAINT `colaborador_ibfk_1` FOREIGN KEY (`IDF`) REFERENCES `funcao` (`IDF`),
  CONSTRAINT `colaborador_ibfk_2` FOREIGN KEY (`IDST`) REFERENCES `statuscolaborador` (`IDST`)
) ENGINE=InnoDB AUTO_INCREMENT=431 DEFAULT CHARSET=latin1;
/*!40101 SET character_set_client = @saved_cs_client */;

--
-- Dumping data for table `colaborador`
--

LOCK TABLES `colaborador` WRITE;
/*!40000 ALTER TABLE `colaborador` DISABLE KEYS */;
INSERT INTO `colaborador` VALUES (00000001,'CRISTIANO MARTINS NUNES','M','1975-01-13',1.99,'F0016','2000-01-02','2015-03-31',2),(00000002,'ALAN DOS SANTOS','M','1975-02-02',1.99,'F0002','2014-03-03',NULL,3),(00000003,'DIONE REGIS MACIEL','M','1975-01-13',2.99,'F0003','2010-04-01',NULL,5),(00000004,'MARWAM MALTA ARAUJO','M','1994-09-22',3.99,'F0003','2011-05-02','2014-01-01',2),(00000005,'NICOLAS NUNES DINIZ','M','1975-01-13',4.99,'F0005','2014-03-03',NULL,5),(00000006,'YAN MAGALHAES LEITE','M','1977-05-12',5.99,'F0021','2013-06-01',NULL,1),(00000007,'GUSTAVO DA CONCEICAO','M','1975-01-13',1.99,'F0008','2000-01-02','2001-05-02',2),(00000008,'GABRIEL GUEDES CORREA','M','1954-10-28',1.99,'F0009','2013-06-01','2013-12-30',2),(00000009,'RENATO ALVES FERREIRA','M','1975-01-13',1.99,'F0010','2009-07-01',NULL,3),(00000010,'AMELIA IZABEL DA SILVA','F','1972-01-01',1.99,'F0012','2002-02-01','2015-03-31',2),(00000011,'FRANKLIN SILVA REIS','M','1983-03-23',1.99,'F0013','2008-08-01',NULL,5),(00000012,'LUCAS TAYLOR ROCHA CRUZ','M','1975-01-13',1.99,'F0020','2014-03-03',NULL,1),(00000013,'WELVIS DA SILVA MOREIRA','M','1983-03-23',2.99,'F0004','2010-04-01','2010-10-30',2),(00000014,'FABRICIO SANTOS DA CUNHA SILVA MATTOS REZENDE VIVELA','M','1985-12-26',2.99,'F0013','2000-01-02','2015-03-31',2),(00000015,'LUCAS FRANCISCO DE SOUZA','M','1983-03-23',2.99,'F0012','2007-11-15',NULL,5),(00000016,'GUSTAVO HENRIQUE DA SILVA','M','1974-11-11',2.99,'F0008','2003-10-01',NULL,3),(00000017,'PRISCILA PEREIRA DA SILVA','F','1983-03-23',2.99,'F0010','2002-02-01','2015-03-31',2),(00000018,'SOCRATES CAMPOS MAGALHAES','M','1983-10-22',2.99,'F0017','2010-04-01','2010-10-01',2),(00000019,'NELSON LIMA DA CRUZ JUNIOR','M','1983-03-23',2.99,'F0021','2014-03-03',NULL,5),(00000020,'ANDERSON ALVES ANTUNES COSTA','M','1988-08-01',3.99,'F0006','2005-11-01','2015-03-31',2),(00000021,'EDUARDO LUCAS ALVES DA SILVA','M','1989-07-13',4.99,'F0002','2000-01-02',NULL,1),(00000022,'FILIPE DE MARCO COSTA XAVIER','M','1983-03-23',5.99,'F0018','2000-12-01',NULL,5),(00000023,'IVAN EUSTAQUIO COSTA E SILVA','M','1993-06-30',2.99,'F0010','1999-03-01',NULL,3),(00000024,'JORGE MARIO LEMOS SILVA DE ALVES E AZEVEDO','M','1987-05-22',2.99,'F0014','2002-02-01',NULL,1),(00000025,'ARIADNA DE SOUZA BUENOS AIRES','F','1991-04-03',2.99,'F0020','1999-07-01',NULL,4),(00000026,'RHICARDO SANTOS','M','1990-03-13',2.99,'F0003','2000-01-02',NULL,1),(00000027,'MARCOS VINICIOS DE JESUS ARUEIRA','M','1956-02-22',2.99,'F0017','2013-06-01',NULL,5),(00000028,'RAPHAEL PETRICK FERREIRA DE LIMA','M','1980-01-01',3.99,'F0018','2013-06-01',NULL,5),(00000029,'DANILO HENRIQUE RODRIGUES DE SENA','M','1983-03-23',2.99,'F0019','2013-06-01','2014-08-30',2),(00000030,'CRISTIANE PEREIRA DOS SANTOS PINTO','F','1983-03-23',2.99,'F0020','2002-02-01','2010-12-30',2),(00000031,'LEONARDO RAMIRES HENRIQUE DE OLIVEIRA SILVA NETO MOTTA','M','1975-01-13',1.99,'F0021','2000-01-02',NULL,3),(00000032,'WILLIAN JUNIO GUILHERME DOS SANTOS GERONIMO','M','1977-12-12',1.99,'F0021','2013-06-01',NULL,1),(00000033,'LUCIA FELIX DA SILVA','F','1981-12-13',1.99,'F0015','2002-02-01',NULL,5),(00000090,'LEONARDO DE CASSIO ANDRADE FIGUEIREDO','M','1999-03-31',4.99,'F0020','2000-01-02',NULL,1),(00000091,'LEONARDO SILVA','M','1970-01-01',5.11,'F0008','2013-03-31',NULL,1),(00000092,'LUCAS FRANKLIN DO AMARAL PIMENTA','M','1999-03-31',4.99,'F0020','2000-01-02',NULL,3),(00000093,'LUIZ GUSTAVO DA ROCHA SILVA','','1984-12-31',8.22,'F0005','2013-08-01',NULL,1),(00000094,'MARCELA FERNANDES VALADÃO','F','1981-08-22',4.99,'F0002','2014-03-31',NULL,4),(00000095,'ALESSANDRO REIS','M','1968-10-10',5.11,'F0010','2000-01-02',NULL,3),(00000096,'BRUNO EDUARDO RAIZ DEL','M','1970-01-01',4.99,'F0020','2015-03-31',NULL,1),(00000097,'DHESSIKA GOMES MARTINS SILVA','F','1999-03-31',1.77,'F0008','2015-03-31',NULL,1),(00000098,'EDERSON ROBERTO DE SOUZA','M','1984-12-31',1.99,'F0005','2013-08-01',NULL,3),(00000099,'ELIAS BARBOSA DOS SANTOS SOUZA','M','1970-01-01',4.99,'F0020','2007-11-15',NULL,5),(00000100,'CHARLES RAMIRES PEREIRA','','1981-08-22',8.22,'F0002','2000-01-02',NULL,1),(00000101,'CHARLES SOUZA RAMOS SILVA COSTA','M','1999-03-31',5.11,'F0008','2013-08-01','2015-03-31',2),(00000102,'DANIELE CRISTINA REIS','F','1970-05-12',4.99,'F0019','2014-03-31',NULL,4),(00000103,'FABRICIO SANTOS SILVA','M','1981-08-22',6.34,'F0021','2007-11-15',NULL,5),(00000104,'FRANKLIN ARIVALDO REIS LOPES MACHADO','M','1970-01-01',3.34,'F0020','2013-08-01',NULL,3),(00000105,'GABRIELA DOM BOSCO LEAL ','F','1968-10-10',4.99,'F0014','2000-01-02',NULL,1),(00000106,'HARLEY ITALO SOARES XAVIER','M','1999-03-31',8.22,'F0005','2007-11-15',NULL,1),(00000107,'JORGE IVSON ALVES DE AZEVEDO','M','1984-12-31',5.11,'F0019','2000-01-02',NULL,3),(00000108,'JUNIO CEZAR SOUZA ALMEIDA','M','1970-01-01',6.34,'F0002','2007-11-15',NULL,1),(00000109,'MARIA APARECIDA VIEIRA','F','1968-12-12',4.99,'F0008','2007-11-15',NULL,5),(00000110,'PEDRO PAULO GONCALVES ABREU','M','1999-03-31',1.77,'F0020','2013-08-01','2015-03-31',2),(00000111,'PEDRO VINICIUS OLIVEIRA PEREIRA','M','1981-08-22',5.11,'F0010','2014-12-01',NULL,1),(00000112,'RENE AUGUSTO DE OLIVEIRA RAMOS ANDRADE','M','1970-01-01',4.99,'F0010','2013-08-01',NULL,1),(00000113,'RHICARDO MANUEL JOQUIM SILVIO DA SILVA SANTOS','M','1979-01-26',1.88,'F0014','2007-11-15',NULL,1),(00000114,'ROBSON ALVES DA SILVA','M','1999-03-31',8.22,'F0019','2000-01-02',NULL,5),(00000115,'SERGIO LINS DE AVELAR SANTOS','M','1984-12-31',6.34,'F0008','2015-03-31',NULL,1),(00000116,'WALISSON REZENDE ANDRADE','M','1981-08-22',4.99,'F0003','2013-03-31',NULL,1),(00000117,'WESLEY ALVES SILVA REIS DINIZ','M','1999-03-31',5.11,'F0008','2013-08-01','2015-03-31',2),(00000118,'ADNEI JORDANE DE OLIVEIRA','M','1968-10-10',1.77,'F0005','2000-01-02',NULL,1),(00000119,'ANDERSON DANIEL BARBOSA','M','1970-01-01',4.99,'F0021','2007-11-15',NULL,1),(00000120,'ANILSON DE SOUZA VAZ','M','1984-12-31',6.34,'F0008','2013-03-31','2015-03-31',2),(00000121,'ANIZIO COELHO DOS SANTOS','M','1999-03-31',5.11,'F0010','2010-01-02',NULL,3),(00000122,'ATOS GOMES CATTA PRETA','M','1999-03-31',4.99,'F0008','2013-08-01',NULL,1),(00000123,'AUGUSTO CESAR DE ALMEIDA','M','1970-01-01',8.22,'F0008','2013-03-31',NULL,1),(00000124,'BENJAMIN DA SILVA LIMA','M','1999-03-31',1.99,'F0002','2014-12-01',NULL,1),(00000125,'BRUNO STANLEY DA SILVA FERRAZ','M','1968-10-10',5.11,'F0008','2013-03-31',NULL,5),(00000126,'CLEBER DE OLIVEIRA RODRIGUES JUNIOR','M','1981-08-22',4.99,'F0014','2013-08-01',NULL,1),(00000127,'DANIEL PEREIRA NUNES','M','1984-12-31',6.34,'F0018','2000-01-02',NULL,1),(00000128,'DAVID DOS SANTOS ACACIO SOUTO','M','1970-05-12',8.22,'F0002','2015-03-31',NULL,5),(00000129,'ELTON GONCALVES','M','1999-03-31',4.99,'F0010','2013-03-31',NULL,3),(00000130,'EMERSON PAIVA DE PAULA','M','1981-08-22',5.11,'F0014','2014-12-01',NULL,1),(00000131,'EVANDRO DA SILVA MARQUES','M','1993-03-31',4.99,'F0003','2000-01-02',NULL,1),(00000132,'FILIPE PALMEIRAS PIRES','M','1999-03-31',4.99,'F0021','2013-08-01',NULL,3),(00000133,'FRANQUILENE RODRIGUES BOTELHO','F','1984-12-31',1.23,'F0019','2007-11-15',NULL,4),(00000134,'GUILHERME ALVES OLIVEIRA','M','1999-03-31',6.34,'F0002','2013-03-31',NULL,1),(00000135,'GUILHERME DE MATOS CASAES','M','1968-10-10',5.11,'F0018','2013-08-01',NULL,1),(00000136,'GUILHERME TULIO FERREIRA ALVES','M','1999-03-31',1.99,'F0010','2013-03-31',NULL,3),(00000137,'GUSTAVO CAMPELO DISTASSI','M','1981-08-22',4.99,'F0014','2014-12-01',NULL,1),(00000138,'GUSTAVO MOREIRA TAVARES','M','1979-01-26',8.22,'F0019','2000-01-02',NULL,1),(00000139,'GUSTAVO THADEU ALVES','M','1968-10-10',5.11,'F0021','2013-08-01',NULL,3),(00000140,'HIGOR GABRIEL DE SOUZA OLIVEIRA','M','1984-12-31',4.99,'F0018','2013-03-31',NULL,1),(00000141,'IGOR HENRIQUE OLIVEIRA SOUZA','M','1970-05-12',4.33,'F0005','2015-03-31',NULL,5),(00000142,'JESSICA CAROLINE GOMES ARCANJO SILVA','F','1992-03-31',4.99,'F0014','2007-11-15',NULL,3),(00000143,'JESSYKA LEITE DOS SANTOS','F','1984-12-31',5.11,'F0019','2013-08-01','2015-03-31',2),(00000144,'JONATAS LUCIANO DA COSTA','M','1968-05-12',1.77,'F0021','2013-03-31',NULL,1),(00000145,'KAROLINNA CRISTINA ALVES SILVA','F','1984-12-31',9.34,'F0010','2014-03-31',NULL,4),(00000146,'KELVIN FRANKLIN DIAS COSTA','M','1981-07-31',4.99,'F0005','2000-01-02',NULL,3),(00000147,'LARISSA LOYOLA DUTRA','F','1968-05-12',8.22,'F0019','2014-03-31','2015-03-31',2),(00000148,'LEANDRO FERREIRA DA CRUZ','M','1970-05-12',6.34,'F0018','2014-12-01',NULL,5),(00000149,'LEONARDO SIMOES DE MEIRA MATOS','M','1979-01-26',5.11,'F0014','2013-08-01',NULL,1),(00000150,'LUCAS BRESSER SILVA DUARTE','M','1984-12-31',4.99,'F0010','2000-01-02','2015-03-31',2),(00000151,'LUCAS DE SOUZA SILVA','M','1968-05-12',1.77,'F0010','2013-03-31',NULL,1),(00000152,'LUCAS FRANCISCO BATALHA PEREIRA','M','1990-03-31',4.99,'F0019','2015-03-31',NULL,5),(00000153,'MAGNO GONCALVES EUSTAQUIO','M','1984-12-31',1.99,'F0005','2013-08-01',NULL,3),(00000154,'NILSON LEOPOLDINO DOS SANTOS FILHO','M','1966-05-31',8.22,'F0021','2013-03-31',NULL,1),(00000155,'PAMELA MOREIRA NASCIMENTO RODRIGUES','F','1984-12-31',7.22,'F0018','2007-11-15',NULL,4),(00000156,'PAULO GONCALVES SOUZA JUNIOR','M','1968-05-12',6.34,'F0019','2013-03-31','2015-03-31',2),(00000157,'RAFAEL AUGUSTO PEREIRA','M','1984-12-31',4.99,'F0018','2013-08-01',NULL,1),(00000158,'RAFAEL DA SILVA ALVES PINTO','M','1979-01-26',5.11,'F0010','2013-03-31',NULL,3),(00000159,'RENATO RIBEIRO MARTINS','M','1968-05-12',1.77,'F0014','2000-01-02',NULL,1),(00000160,'SAMUEL DOS PASSOS DINIZ','M','1990-03-31',4.99,'F0021','2013-03-31',NULL,5),(00000161,'SIMONE DOS REIS NEVES','F','1984-12-31',1.99,'F0005','2014-03-31','2015-03-31',2),(00000162,'SIZINO XAVIER DE BORBA JUNIOR','M','1979-01-26',1.77,'F0010','2015-03-31',NULL,1),(00000163,'THALLES AUGUSTO CARVALHO DINIZ','M','1981-04-22',6.34,'F0019','2014-12-01',NULL,3),(00000164,'TIAGO SOUZA COSTA','M','1979-01-26',4.99,'F0010','2000-01-02',NULL,5),(00000165,'VANDER AUGUSTO FARIA','M','1984-12-31',5.11,'F0018','2013-03-31',NULL,1),(00000166,'VITOR TORRES SILVA','M','1990-03-31',1.77,'F0014','2010-01-02',NULL,1),(00000167,'WANDERSON DIOLINO FERREIRA','M','1981-02-01',1.99,'F0021','2014-12-01',NULL,3),(00000168,'WEDER CORDEIRO DE OLIVEIRA','M','1979-01-26',4.99,'F0010','2015-01-15',NULL,1),(00000169,'WEMERSON DE SOUZA SILVA','M','1981-09-03',5.11,'F0005','2000-01-02',NULL,5),(00000170,'WESLEY VINICIUS PAIS','M','1979-01-26',4.99,'F0010','2013-03-31','2015-03-31',2),(00000171,'ALESSANDRO SETRAGNI D\' ALMEIDA','M','1999-09-25',1.99,'F0020','2015-09-25',NULL,1),(00000173,'ALEXMACIEL DOS SANTOS PINTO DE SOUZA','M','1999-09-25',1.99,'F0020','2015-01-15',NULL,1),(00000174,'ANA CAROLINA MENDES FERREIRA','F','1980-01-01',1.99,'F0020','2010-01-02',NULL,1),(00000175,'BRYAN DIAS GONÇALVES','M','1977-09-25',1.99,'F0020','2010-01-02',NULL,1),(00000176,'CHARLES CHAVES DIAS RAMIRES PEREIRA','M','1999-09-25',1.99,'F0020','2013-03-05',NULL,1),(00000177,'CHARLES GODINES','M','1978-11-14',1.99,'F0020','2013-03-05',NULL,3),(00000178,'DANIELE CRISTINA DE OLIVEIRA SOARES','F','1999-09-25',1.99,'F0020','2015-09-25',NULL,4),(00000179,'DAVIDSON OLIVEIRA FAGUNDES','M','1980-01-01',1.99,'F0020','2010-01-02',NULL,1),(00000180,'DEBORA ANGEL DE ALMEIDA','F','1968-11-14',1.99,'F0020','2015-09-25',NULL,1),(00000181,'EDERSON ALVES ALMEIDA','M','1980-01-01',1.99,'F0020','2013-03-05',NULL,1),(00000182,'EMANUELE NAIR CORREA','F','1999-09-25',1.99,'F0020','2015-09-25',NULL,3),(00000183,'FABRICIO JOSE DOS SANTOS','M','1968-11-14',1.99,'F0020','2015-09-25',NULL,1),(00000184,'FRANKLIN LOPES MACHADO','M','1968-11-14',1.99,'F0020','2015-09-25',NULL,1),(00000185,'GABRIEL FILIPE SOUSA CARVALHO','M','1977-09-25',1.99,'F0020','2015-01-15',NULL,3),(00000186,'GABRIELA VERSIANI SANTOS','F','1977-09-25',1.99,'F0020','2015-09-25',NULL,4),(00000187,'GLAUCIO LEONARDO SANTANA','M','1999-09-25',1.99,'F0020','2007-11-15',NULL,1),(00000188,'GUSTAVO VILELA VAZ','M','1977-09-25',1.99,'F0020','2015-01-15',NULL,1),(00000189,'GUSTAVO SOUZA','M','1999-09-25',1.99,'F0020','2015-09-25',NULL,3),(00000190,'HENDYW CRISTINA DE AMORIM COUTO','F','1968-11-14',1.99,'F0020','2013-03-05',NULL,1),(00000191,'JEFFERSON DA SILVA BARBOSA','M','1999-09-25',1.99,'F0020','2015-01-15',NULL,1),(00000192,'JORGE AZEVEDO DIAS MELO','M','1977-09-25',1.99,'F0020','2015-09-25',NULL,1),(00000193,'LEONARDO CARPEDIM VAZ','M','1999-09-25',1.99,'F0020','2013-03-05',NULL,3),(00000194,'LETICIA OLIVEIRA SILVA','F','1968-11-14',1.99,'F0020','2015-09-25',NULL,1),(00000195,'LUCAS ABRAAO SOUZA FREITAS','M','1999-09-25',1.99,'F0020','2015-01-15',NULL,1),(00000196,'LUCAS PIMENTA DE AMARAL','M','1980-01-01',1.99,'F0020','2013-03-05',NULL,1),(00000197,'LUIZ FERNANDO JUSTINO','M','1999-09-25',1.99,'F0020','2015-09-25',NULL,1),(00000198,'LUIZ  SILVA DIAS','M','1977-09-25',1.99,'F0020','2013-03-05',NULL,1),(00000199,'MARCELO HISASHI NISHIMOTO','M','1980-01-01',1.99,'F0018','2010-01-02',NULL,1),(00000200,'MARCELO JULIO DO PRADO','M','1968-11-14',1.99,'F0020','2015-09-25',NULL,1),(00000201,'MARCO AURELIO DIAS FILHO','M','1980-01-01',1.99,'F0018','2010-01-02',NULL,1),(00000202,'MARCUS VINICIUS DA SILVA','M','1968-11-14',1.99,'F0020','2015-01-15',NULL,1),(00000203,'MARLON REIS DIAS SILVA','M','1999-09-25',1.99,'F0018','2013-03-05',NULL,1),(00000204,'MAURILIO HENRIQUE ROCHA','M','1977-09-25',1.99,'F0020','2010-01-02',NULL,3),(00000205,'PAULO VITOR VELOSO BORGES','M','1978-11-14',1.99,'F0020','2015-09-25',NULL,1),(00000206,'PEDRO PEREZ DIAS REIS SILVA E GOMES','M','1980-01-01',1.99,'F0020','2013-03-05',NULL,3),(00000207,'PEDRO PAULO DIAS REIS DINIZ','M','1977-09-25',1.99,'F0020','2015-09-25',NULL,1),(00000208,'RAFAEL BRAGA RESENDE','M','1968-11-14',1.99,'F0018','2010-01-02',NULL,1),(00000209,'RENE ANDRADE FARIA','M','1980-01-01',1.99,'F0020','2013-03-05',NULL,3),(00000210,'RHICARDO BRAZ COSTA','M','1977-09-25',1.99,'F0020','2015-09-25',NULL,1),(00000211,'RONALDO ADRIANO SANTANA PEREIRA','M','1980-01-01',1.99,'F0020','2013-03-05',NULL,3),(00000212,'SAID DEBIEN ABDUL SAMAD FORTES','M','1968-11-14',1.99,'F0018','2015-09-25',NULL,1),(00000213,'SUENYA LALESKA DE SOUZA OLIVEIRA','F','1977-09-25',1.99,'F0020','2015-01-15',NULL,4),(00000214,'TARCISIO DELASALLE VILELA SILVA','M','1980-01-01',1.99,'F0018','2010-01-02',NULL,3),(00000215,'THOMAS ANTONIO CINTRA DE MELO','M','1968-11-14',1.99,'F0018','2013-03-05',NULL,1),(00000216,'WALLISON SALIM ANDRADE NAGEM','M','1977-09-25',1.99,'F0020','2015-09-25',NULL,1),(00000217,'WELBERT RAMON DOS SANTOS','M','1980-01-01',1.99,'F0020','2015-01-15',NULL,3),(00000218,'WELLINGTON SANTOS DE CARVALHO','M','1968-11-14',1.99,'F0020','2010-01-02',NULL,1),(00000219,'WESLEY ALVES SILVA','M','1980-01-01',1.99,'F0020','2015-09-25',NULL,3),(00000220,'ADENILTON DE OLIVEIRA GONCALVES','M','1981-01-01',1.99,'F0020','2016-03-15',NULL,1),(00000226,'ANA BARBARA AMARAL ARAUJO','F','1990-12-12',2.88,'F0003','2016-03-15',NULL,3),(00000227,'CAIRO FRANÇA BUCALLETO','M','1981-01-01',1.99,'F0019','2016-03-15',NULL,1),(00000228,'DANIEL CUNHA DE MELO','M','1981-01-01',2.88,'F0010','2016-03-15',NULL,5),(00000229,'DANIEL SILVA DORNAS','M','1980-11-11',1.99,'F0002','2016-03-15',NULL,1),(00000230,'DIEGO TEIXEIRA DE SOUZA','M','1975-01-01',2.88,'F0017','2016-03-15',NULL,1),(00000231,'ERIC FERNANDES RODRIGUES VIANA','M','1975-01-01',1.99,'F0017','2016-03-15',NULL,3),(00000232,'GLEISSON JULIANO DA SILVA FERREIRA','M','1971-11-30',2.88,'F0003','2016-03-15',NULL,3),(00000233,'GUSTAVO HENRIQUE OLIVEIRA LOPES','M','1975-01-01',1.99,'F0010','2016-03-15',NULL,5),(00000234,'HEMERSON JOSE SOARES DE SOUZA','M','1975-01-01',2.88,'F0017','2016-03-15',NULL,3),(00000235,'JAIRO BARBOSA DA COSTA','M','1975-01-01',2.88,'F0002','2016-03-15',NULL,3),(00000236,'JENNIFER GLAUCIA SANTOS','F','1971-11-30',1.89,'F0011','2016-03-15',NULL,5),(00000237,'JOAO VICTOR FONTE BOA GALVAO','M','1975-01-01',2.88,'F0017','2016-03-15',NULL,3),(00000238,'JONATHAN SOARES COSTA','M','1975-01-01',1.99,'F0002','2016-03-15',NULL,3),(00000239,'LENIO CAITANO','M','1975-01-01',2.88,'F0017','2016-03-15',NULL,5),(00000240,'LUCAS DUARTE DE ABREU','M','1971-11-30',2.88,'F0017','2016-03-15',NULL,3),(00000241,'LUCAS GUSTAVO COSTA MENDES','M','1975-01-01',2.88,'F0002','2016-03-15',NULL,3),(00000242,'LUCAS HENRIQUE LOPES DA SILVA','M','1975-01-01',1.99,'F0017','2016-03-15',NULL,3),(00000243,'LUCIANO CHAVES RIBEIRO','M','1971-11-30',2.88,'F0010','2016-03-15',NULL,5),(00000244,'MARCIO HENRIQUE DA COSTA LIMA SILVA','M','1975-01-01',2.88,'F0017','2016-03-15',NULL,3),(00000245,'MATHEUS DINIZ OLIVEIRA','M','1975-01-01',1.99,'F0003','2016-03-15',NULL,3),(00000246,'MATHEUS RESENDE SILVA','M','1971-11-30',2.88,'F0017','2016-03-15',NULL,3),(00000247,'MICHAEL WILLIAN ALVES PEREIRA','M','1990-12-12',2.88,'F0003','2016-03-15',NULL,5),(00000248,'MICHELLE BRENDA DE AZEVEDO','F','1975-01-01',1.99,'F0017','2016-03-15',NULL,3),(00000249,'NATALIA DE SOUZA DUTRA','F','1990-12-12',2.88,'F0017','2016-03-15',NULL,3),(00000250,'NAYARA LOHANNE ALVES DE ALMEIDA','F','1975-01-01',2.88,'F0002','2016-03-15',NULL,5),(00000251,'PAULO HENRIQUE SILVA MILEIB','M','1990-12-12',2.88,'F0017','2016-03-15',NULL,3),(00000252,'QUEZEDE NAAMAN MIRANDA DO NASCIMENTO','M','1990-02-01',3.99,'F0002','2016-03-15',NULL,1),(00000253,'ROBERTO LEOCADIO DE SENRA','M','1981-11-20',1.88,'F0018','2016-03-15',NULL,3),(00000254,'SABRINA DE FATIMA SANTOS','F','1980-08-21',2.88,'F0019','2016-03-15',NULL,1),(00000255,'SALOMAO JUNIO SANTOS BATISTA','M','1975-01-01',2.88,'F0002','2016-03-15',NULL,3),(00000256,'SERGIO MENDES DA SILVA','M','1971-11-30',2.88,'F0018','2016-03-15',NULL,5),(00000257,'TALES PEREIRA ESPANHOL','M','1975-01-01',1.99,'F0017','2016-03-15',NULL,3),(00000258,'TAYNARA KRIS RODRIGUES SANTOS','F','1975-01-01',2.88,'F0019','2016-03-15',NULL,3),(00000259,'THAIS FERREIRA DE MORAIS','F','1971-11-30',2.88,'F0017','2016-03-15',NULL,5),(00000260,'THALES JUNIO DE SOUZA CARVALHO','M','1975-01-01',2.88,'F0018','2016-03-15',NULL,1),(00000261,'THIAGO ARAUJO BRITO','M','1975-01-01',1.99,'F0002','2016-03-15',NULL,3),(00000262,'THIAGO HENRIQUE DA SILVA','M','1971-11-30',2.88,'F0017','2016-03-15',NULL,3),(00000263,'VALDEMIR CAETANO MORAIS','M','1975-01-01',2.88,'F0010','2016-03-15',NULL,3),(00000264,'WANDERSON ALVES','M','1971-11-30',2.88,'F0017','2016-03-15',NULL,5),(00000265,'WEMERSON MARCELO MARTINS GUIMARAES','M','1975-01-01',1.99,'F0002','2016-03-15',NULL,3),(00000266,'YAGO TEIXEIRA GAGLIARDI','M','1971-11-30',2.88,'F0017','2016-03-15',NULL,5),(00000267,'YAN ALLAN BARRETO MIRANDA','M','1975-01-01',1.99,'F0010','2016-03-15',NULL,3),(00000268,'ADRIANO ALEXANDRE JULIO','M','1975-01-01',2.88,'F0017','2016-03-15',NULL,3),(00000269,'ALDILANE SANTOS SILVA','F','1975-01-01',2.88,'F0017','2016-03-15',NULL,3),(00000270,'ALFREDO AUGUSTO SILVA STOCHIERO','M','1975-01-01',2.88,'F0017','2016-03-15',NULL,3),(00000271,'BRUNO CHAVES MOREIRA','M','1975-01-01',2.88,'F0017','2016-03-15',NULL,3),(00000272,'BRUNO VALEJO GUIMARAES','M','1975-01-01',2.88,'F0017','2016-03-15',NULL,3),(00000273,'BRYAN HENRIQUE DA SILVA OLIVEIRA','M','1975-01-01',2.88,'F0017','2016-03-15',NULL,3),(00000274,'CAIO WENDEL DUARTE BARBOSA','M','1975-01-01',2.88,'F0017','2016-03-15',NULL,3),(00000275,'CARLOS SERGIO DA SILVA LIMA','M','1975-01-01',2.88,'F0017','2016-03-15',NULL,3),(00000276,'CHARLES SOUZA RAMOS','M','1975-01-01',2.88,'F0017','2016-03-15',NULL,3),(00000277,'DAVID PEREIRA DE CARVALHO','M','1975-01-01',2.88,'F0017','2016-03-15',NULL,3),(00000278,'EDERSON SILVA DIAS BOZZ','M','1975-01-01',2.88,'F0017','2016-03-15',NULL,3),(00000279,'EDSON BORGES','M','1975-01-01',2.88,'F0017','2016-03-15',NULL,3),(00000280,'EIRI BARBOSA DOS SANTOS SOUZA','M','1975-01-01',2.88,'F0017','2016-03-15',NULL,3),(00000281,'EMANUELE NUNES PEREQUILES','F','1975-01-01',2.88,'F0017','2016-03-15',NULL,3),(00000282,'ESTEVAO JUNIO CORREA','M','1975-01-01',2.88,'F0017','2016-03-15',NULL,3),(00000283,'EULER APARECIDO DE SOUZA GARCIA','M','1975-01-01',2.88,'F0017','2016-03-15',NULL,3),(00000284,'EVERSON BORGES','M','1975-01-01',2.88,'F0017','2016-03-15',NULL,3),(00000285,'FABRICIO SANTOS BOLIVAR DIAS','M','1975-01-01',2.88,'F0017','2016-03-15',NULL,3),(00000286,'FERNANDA CRISTINA SOUZA DE CARVALHO','F','1975-01-01',2.88,'F0017','2016-03-15',NULL,3),(00000287,'FRANKLIN REIS DIAS SILVA PARES','M','1975-01-01',2.88,'F0017','2016-03-15',NULL,3),(00000288,'GUSTAVO HENRIQUE MENDES VIANA','M','1975-01-01',2.88,'F0017','2016-03-15',NULL,3),(00000289,'JURANDIR JOSE DOS SANTOS JUNIOR','M','1975-01-01',2.88,'F0017','2016-03-15',NULL,3),(00000290,'LEONARDO HENRIQUE DE OLIVEIRA SILVA','M','1975-01-01',2.88,'F0017','2016-03-15',NULL,3),(00000291,'LUCAS PIMENTA','M','1975-01-01',2.88,'F0017','2016-03-15',NULL,3),(00000292,'LUIS FELIPE SABACK MACHADO','M','1975-01-01',2.88,'F0017','2016-03-15',NULL,3),(00000293,'MARCELO CRISTOFER FERNANDES','M','1975-01-01',2.88,'F0017','2016-03-15',NULL,3),(00000294,'MARCELO VALADAO GOMES','M','1975-01-01',2.88,'F0017','2016-03-15',NULL,3),(00000295,'MARCOS ANTONIO DOS SANTOS JUNIOR','M','1975-01-01',2.88,'F0017','2016-03-15',NULL,3),(00000296,'MARCUS DROPPER DIAS','M','1975-01-01',2.88,'F0017','2016-03-15',NULL,3),(00000297,'MARLON LUCAS LIMA VALADARES','M','1975-01-01',2.88,'F0017','2016-03-15',NULL,3),(00000298,'MATHEUS JUNIO DE OLIVEIRA','M','1975-01-01',2.88,'F0017','2016-03-15',NULL,3),(00000299,'MAURILIO BASTOS SELVA LIMAS ','M','1975-01-01',2.88,'F0017','2016-03-15',NULL,3),(00000300,'MIKAELLA COSTA ALVES DE OLIVEIRA','F','1975-01-01',2.88,'F0017','2016-03-15',NULL,3),(00000301,'MOISES ROSA AMARAL','M','1975-01-01',2.88,'F0017','2016-03-15',NULL,3),(00000302,'ODILON ANTONIO DE QUEIROZ','M','1975-01-01',2.88,'F0017','2016-03-15',NULL,3),(00000303,'PEDRO HERNANE SANTOS DE ANDRADE','M','1975-01-01',2.88,'F0017','2016-03-15',NULL,3),(00000304,'RAFAEL IVES LENDON','M','1975-01-01',2.88,'F0017','2016-03-15',NULL,3),(00000305,'RHICARDO SILVIO DA SILVA SANTOS','M','1975-01-01',2.88,'F0017','2016-03-15',NULL,3),(00000306,'RUAN LUIS DA SILVA MALTINHO','M','1975-01-01',2.88,'F0017','2016-03-15',NULL,3),(00000307,'SUENYA VANDERVAX DINIZ LEMOS REIS DIAS','F','1975-01-01',2.88,'F0017','2016-03-15',NULL,3),(00000308,'TARCISIO REIS FALCAO DIAS','M','1975-01-01',2.88,'F0017','2016-03-15',NULL,3),(00000355,'ADRIANO MARTINS BICALHO','M','1975-01-13',1.99,'F0016','2000-01-02',NULL,1),(00000356,'ANDRE ALVES MONTEIRO','M','1975-10-05',2.99,'F0015','2002-01-02',NULL,1),(00000357,'BRENDA LUANA DE SOUZA','F','1981-01-13',3.99,'F0014','2000-02-02',NULL,1),(00000358,'COSME ADRIANO GONÇALVES','M','1999-01-13',4.99,'F0013','2000-02-02',NULL,1),(00000359,'FELIPE JUNIO DA ROCHA','M','1999-01-13',5.99,'F0012','2000-02-02',NULL,1),(00000378,'GABRIEL YUHI VASCONCELOS FUNAYAMA','M','1999-01-13',1.99,'F0011','2000-02-02',NULL,1),(00000379,'GUILHERME HENRIQUE COSTA E LIMA','M','1999-01-13',1.99,'F0010','2000-02-02',NULL,1),(00000380,'ITALO ASSUNCAO GUIMARAES','M','1999-01-13',1.99,'F0009','2000-02-02',NULL,1),(00000381,'JANIVALDES ALVES PINTO','M','1999-01-13',1.99,'F0008','2000-02-02',NULL,1),(00000382,'JONATAS DE OLIVEIRA BARBOSA','M','1999-01-13',2.99,'F0007','2000-02-02',NULL,1),(00000383,'LUCAS DUARTE DE ABREU 2','M','1999-01-13',3.99,'F0006','2000-02-02',NULL,1),(00000384,'LUCAS FARIAS RIBEIRO','M','1999-01-13',4.99,'F0005','2000-02-02',NULL,1),(00000385,'LUCAS GABRIEL SANTOS NASCIMENTO','M','1999-01-13',5.99,'F0004','2000-02-02',NULL,1),(00000386,'LUIZ GUSTAVO MARTINS REIS','M','1999-01-13',1.99,'F0003','2000-02-02',NULL,1),(00000387,'MARCIO ADRIANO ALVES JUNIOR','M','1999-01-13',1.99,'F0002','2000-02-02',NULL,1),(00000388,'MATHEUS HENRIQUE REIS DE OLIVEIRA','M','1999-01-13',1.99,'F0001','2000-02-02',NULL,1),(00000389,'MATHEUS SANTOS PERDIGÃO','M','1999-01-13',1.99,'F0002','2000-02-02',NULL,1),(00000390,'PEDRO HENRIQUE DA SILVA MAIA','M','1999-01-13',1.99,'F0003','2000-02-02',NULL,1),(00000391,'PIETRA GRACIELLE RODRIGUES','F','1999-01-13',1.99,'F0004','2000-02-02',NULL,1),(00000392,'RAFAEL EDUARDO ALVES CUNHA','M','1999-01-13',1.99,'F0005','2000-02-02',NULL,1),(00000393,'RAYSSA DE SOUSA LIMA MENDES','F','1999-01-13',1.99,'F0006','2000-02-02',NULL,1),(00000394,'TALLEYRANE AMANCIO DE OLIVEIRA','F','1999-01-13',1.99,'F0007','2000-02-02',NULL,1),(00000395,'TARCISIO FERREIRA MENDES','M','1999-01-13',1.99,'F0008','2000-02-02',NULL,1),(00000396,'DIEGO ANTONIO SOARES DA SILVA','M','1981-11-20',2.88,'F0017','2018-09-11',NULL,1),(00000397,'GLAUCIO RICARDO PALHARES DE OLIVEIRA JUNIOR','M','1980-01-01',3.99,'F0020','2018-09-11',NULL,1),(00000398,'HENRIQUE BENEVIDES FERREIRA','M','1999-01-13',1.99,'F0005','2018-09-11',NULL,1),(00000399,'MARIA ISABEL ANDRADE DE ALBUQUERQUE','F','1968-11-14',2.99,'F0002','2018-09-11',NULL,1),(00000400,'MATEUS EVANGELISTA ANDRADE','M','1999-09-25',2.88,'F0020','2018-09-11',NULL,1),(00000401,'CRISTIANO NUNES','M','1981-01-01',1.99,'F0020','2014-03-03',NULL,1),(00000402,'AQUILA SANTOS COSTA','M','1981-01-01',1.99,'F0020','2014-03-03',NULL,1),(00000403,'BRENO PARACAMPOS OSS','M','1981-01-01',1.99,'F0020','2014-03-03',NULL,1),(00000404,'CLAUDIO JUNIO BARBOSA ANDRADE','M','1981-01-01',1.99,'F0020','2014-03-03',NULL,1),(00000405,'DHIULLIAN BRANDO DE OLIVEIRA SANTOS','M','1981-01-01',1.99,'F0020','2014-03-03',NULL,1),(00000406,'ERMISON ANDRE CHAGAS ANDRADE','M','1981-01-01',1.99,'F0020','2014-03-03',NULL,1),(00000407,'GUILHERME HENRIQUE GONCALVES DOS REIS','M','1981-01-01',1.99,'F0020','2014-03-03',NULL,1),(00000408,'GUILHERME HORTA BICALHO','M','1981-01-01',1.99,'F0020','2014-03-03',NULL,1),(00000409,'IAN DE SOUZA VIANINI','M','1981-01-01',1.99,'F0020','2014-03-03',NULL,1),(00000410,'ISRAEL PHILIPE MARTINS DE SOUSA','M','1981-01-01',1.99,'F0020','2014-03-03',NULL,1),(00000411,'ITALLO JOSE ALVES DE JESUS','M','1981-01-01',1.99,'F0020','2014-03-03',NULL,1),(00000412,'JHEAN CARLOS ALVES DE OLIVEIRA','M','1981-01-01',1.99,'F0020','2014-03-03',NULL,1),(00000413,'JOAO MESSIAS FERREIRA BRANDAO NETO','M','1981-01-01',1.99,'F0020','2014-03-03',NULL,1),(00000414,'JULIANA PRISCILA ARCANJO DA SILVA','F','1981-01-01',1.99,'F0020','2014-03-03',NULL,1),(00000415,'JULIO CESAR CORTEZ PEREIRA','M','1981-01-01',1.99,'F0020','2014-03-03',NULL,1),(00000416,'LEONARDO DA SILVA RIBEIRO','M','1981-01-01',1.99,'F0020','2014-03-03',NULL,1),(00000417,'LUCAS AUGUSTO GONCALVES PRALON','M','1981-01-01',1.99,'F0020','2014-03-03',NULL,1),(00000418,'LUCAS JONES MARQUES','M','1981-01-01',1.99,'F0020','2014-03-03',NULL,1),(00000419,'MATEUS FELIPE DA SILVA MAIA','M','1981-01-01',1.99,'F0020','2014-03-03',NULL,1),(00000420,'OTAVIO SILVA LARA','M','1981-01-01',1.99,'F0020','2014-03-03',NULL,1),(00000421,'RAFAEL RIBEIRO YOSHINAGA','M','1981-01-01',1.99,'F0020','2014-03-03',NULL,1),(00000422,'RENATO ROMERO MACHADO FILHO','M','1981-01-01',1.99,'F0020','2014-03-03',NULL,1),(00000423,'RODRIGO DE OLIVEIRA LOPES','M','1981-01-01',1.99,'F0020','2014-03-03',NULL,1),(00000424,'VINICIUS ADEVALDO INACIO DA SILVA NEVES','M','1981-01-01',1.99,'F0020','2014-03-03',NULL,1),(00000425,'WESLEY FERNANDES SOUSA','M','1981-01-01',1.99,'F0020','2014-03-03',NULL,1),(00000426,'AMELIA IZABEL DA SILVA','F','1999-01-30',1.45,'F0007','2019-07-01',NULL,1),(00000427,'CARLOS EDUARDO DOS SANTOS LEITE','M','1995-11-11',1.45,'F0017','2019-07-01',NULL,1),(00000428,'GUSTAVO HONORIO DE OLIVEIRA','M','1997-01-15',1.45,'F0019','2019-07-01',NULL,1),(00000429,'JULIO CESAR SANTOS DA SILVA','M','1997-01-15',1.45,'F0019','2019-07-01',NULL,1),(00000430,'VITOR SILVA TAVARES','M','1996-02-15',1.45,'F0017','2019-07-01',NULL,1);
/*!40000 ALTER TABLE `colaborador` ENABLE KEYS */;
UNLOCK TABLES;

--
-- Table structure for table `dependente`
--

DROP TABLE IF EXISTS `dependente`;
/*!40101 SET @saved_cs_client     = @@character_set_client */;
/*!40101 SET character_set_client = utf8 */;
CREATE TABLE `dependente` (
  `CODIGO` int(11) NOT NULL AUTO_INCREMENT,
  `NOMEDEP` varchar(30) NOT NULL,
  `SEXO` char(1) NOT NULL,
  `DTNASC` date NOT NULL,
  `CHAPA` int(8) unsigned zerofill DEFAULT NULL,
  PRIMARY KEY (`CODIGO`),
  KEY `CHAPA` (`CHAPA`),
  CONSTRAINT `dependente_ibfk_1` FOREIGN KEY (`CHAPA`) REFERENCES `colaborador` (`CHAPA`)
) ENGINE=InnoDB AUTO_INCREMENT=17 DEFAULT CHARSET=latin1;
/*!40101 SET character_set_client = @saved_cs_client */;

--
-- Dumping data for table `dependente`
--

LOCK TABLES `dependente` WRITE;
/*!40000 ALTER TABLE `dependente` DISABLE KEYS */;
INSERT INTO `dependente` VALUES (1,'PEDRO NUNES','M','2000-01-01',00000001),(2,'CLARA NUNES','F','2013-12-31',00000001),(3,'RENATO FELIX','M','2006-09-22',00000033),(4,'ANDRE FELIX','M','2008-10-01',00000033),(5,'CLARA FELIX','F','2011-10-20',00000033),(6,'ANDRE TORRES','M','1999-10-12',00000166),(7,'ANA TORRES','F','2003-04-22',00000166),(8,'JOANA TORRES','F','2003-04-22',00000166),(9,'MARIETA TORRES','F','2014-08-30',00000166),(10,'LUCIANA LEITE','F','2015-04-01',00000006),(11,'CECILIA LEITE','F','2015-04-01',00000006),(12,'JULIA LEITE','F','2015-04-01',00000006),(13,'JOAO PEDRO VALADAO','M','2007-12-01',00000094),(14,'JOAO PAULO VALADAO','M','2009-09-09',00000094),(15,'GALILEU MAGALAHES','M','2001-03-10',00000018),(16,'GEOCONDA DA SILVA','F','2012-02-01',00000010);
/*!40000 ALTER TABLE `dependente` ENABLE KEYS */;
UNLOCK TABLES;

--
-- Table structure for table `funcao`
--

DROP TABLE IF EXISTS `funcao`;
/*!40101 SET @saved_cs_client     = @@character_set_client */;
/*!40101 SET character_set_client = utf8 */;
CREATE TABLE `funcao` (
  `IDF` varchar(10) NOT NULL DEFAULT '',
  `NOMEFUNCAO` varchar(35) NOT NULL,
  `IDS` varchar(5) DEFAULT NULL,
  PRIMARY KEY (`IDF`),
  KEY `IDS` (`IDS`),
  CONSTRAINT `funcao_ibfk_1` FOREIGN KEY (`IDS`) REFERENCES `setor` (`IDS`)
) ENGINE=InnoDB DEFAULT CHARSET=latin1;
/*!40101 SET character_set_client = @saved_cs_client */;

--
-- Dumping data for table `funcao`
--

LOCK TABLES `funcao` WRITE;
/*!40000 ALTER TABLE `funcao` DISABLE KEYS */;
INSERT INTO `funcao` VALUES ('F0001','GERENTE CONTABIL','S5'),('F0002','AUXILIAR CONTABIL I','S5'),('F0003','AUXILIAR CONTABIL II','S5'),('F0004','GERENTE RH','S4'),('F0005','AUXILIAR RH I','S4'),('F0006','AUXILIAR RH II','S4'),('F0007','GERENTE PRODUCAO','S3'),('F0008','AUXILIAR PRODUCAO I','S3'),('F0009','AUXILIAR PRODUCAO II','S3'),('F0010','AUXILIAR PRODUCAO III','S3'),('F0011','GERENTE ADMINISTRATIVO','S2'),('F0012','AUXILIAR ADMINISTRATIVO I','S2'),('F0013','AUXILIAR ADMINISTRATIVO II','S2'),('F0014','AUXILIAR ADMINSITRATIVO III','S2'),('F0015','GERENTE TI','S1'),('F0016','ADMINISTRADOR DE BANCO DE DADOS','S1'),('F0017','ADMINISTRADOR DE REDES','S1'),('F0018','ANALISTA DE SISTEMAS I','S1'),('F0019','ANALISTA DE SISTEMAS II','S1'),('F0020','SUPORTE TECNICO I','S1'),('F0021','SUPORTE TECNICO II','S1'),('F99','TESTE FUNCAO','S9991');
/*!40000 ALTER TABLE `funcao` ENABLE KEYS */;
UNLOCK TABLES;

--
-- Table structure for table `setor`
--

DROP TABLE IF EXISTS `setor`;
/*!40101 SET @saved_cs_client     = @@character_set_client */;
/*!40101 SET character_set_client = utf8 */;
CREATE TABLE `setor` (
  `IDS` varchar(5) NOT NULL DEFAULT '',
  `NOMESETOR` varchar(30) NOT NULL,
  `SIGLA` varchar(5) NOT NULL,
  PRIMARY KEY (`IDS`)
) ENGINE=InnoDB DEFAULT CHARSET=latin1;
/*!40101 SET character_set_client = @saved_cs_client */;

--
-- Dumping data for table `setor`
--

LOCK TABLES `setor` WRITE;
/*!40000 ALTER TABLE `setor` DISABLE KEYS */;
INSERT INTO `setor` VALUES ('S1','TECNOLOGIA DA INFORMACAO','TI'),('S2','ADMINISTRATIVO','ADM'),('S3','PRODUCAO','PRD'),('S4','RECURSOS HUMANOS','RH'),('S5','CONTABILIDADE','CTL'),('S6','MANUTENÇÃO','MTC'),('S9991','TESTE','TS');
/*!40000 ALTER TABLE `setor` ENABLE KEYS */;
UNLOCK TABLES;

--
-- Table structure for table `statuscolaborador`
--

DROP TABLE IF EXISTS `statuscolaborador`;
/*!40101 SET @saved_cs_client     = @@character_set_client */;
/*!40101 SET character_set_client = utf8 */;
CREATE TABLE `statuscolaborador` (
  `IDST` int(11) NOT NULL DEFAULT '0',
  `NOMESTATUS` varchar(35) DEFAULT NULL,
  PRIMARY KEY (`IDST`)
) ENGINE=InnoDB DEFAULT CHARSET=latin1;
/*!40101 SET character_set_client = @saved_cs_client */;

--
-- Dumping data for table `statuscolaborador`
--

LOCK TABLES `statuscolaborador` WRITE;
/*!40000 ALTER TABLE `statuscolaborador` DISABLE KEYS */;
INSERT INTO `statuscolaborador` VALUES (1,'ATIVO'),(2,'NAO ATIVO'),(3,'FERIAS'),(4,'LICENÇA MATERNIDADE'),(5,'LICENÇA MEDICA');
/*!40000 ALTER TABLE `statuscolaborador` ENABLE KEYS */;
UNLOCK TABLES;

--
-- Temporary view structure for view `vw_colaborador_dep`
--

DROP TABLE IF EXISTS `vw_colaborador_dep`;
/*!50001 DROP VIEW IF EXISTS `vw_colaborador_dep`*/;
SET @saved_cs_client     = @@character_set_client;
SET character_set_client = utf8;
/*!50001 CREATE VIEW `vw_colaborador_dep` AS SELECT 
 1 AS `CHAPA`,
 1 AS `NOMECOLABORADOR`,
 1 AS `DTADMISSAO`,
 1 AS `DTDEMISSAO`,
 1 AS `CODIGO`,
 1 AS `NOMEDEP`,
 1 AS `SEXO`,
 1 AS `DTNASC`*/;
SET character_set_client = @saved_cs_client;

--
-- Dumping routines for database 'rhcomputacao'
--

--
-- Final view structure for view `vw_colaborador_dep`
--

/*!50001 DROP VIEW IF EXISTS `vw_colaborador_dep`*/;
/*!50001 SET @saved_cs_client          = @@character_set_client */;
/*!50001 SET @saved_cs_results         = @@character_set_results */;
/*!50001 SET @saved_col_connection     = @@collation_connection */;
/*!50001 SET character_set_client      = utf8 */;
/*!50001 SET character_set_results     = utf8 */;
/*!50001 SET collation_connection      = utf8_general_ci */;
/*!50001 CREATE ALGORITHM=UNDEFINED */
/*!50013 DEFINER=`root`@`localhost` SQL SECURITY DEFINER */
/*!50001 VIEW `vw_colaborador_dep` AS select `c`.`CHAPA` AS `CHAPA`,`c`.`NOMECOLABORADOR` AS `NOMECOLABORADOR`,`c`.`DTADMISSAO` AS `DTADMISSAO`,`c`.`DTDEMISSAO` AS `DTDEMISSAO`,`d`.`CODIGO` AS `CODIGO`,`d`.`NOMEDEP` AS `NOMEDEP`,`d`.`SEXO` AS `SEXO`,`d`.`DTNASC` AS `DTNASC` from (`colaborador` `c` join `dependente` `d`) where (`c`.`CHAPA` = `d`.`CHAPA`) order by `c`.`NOMECOLABORADOR`,`d`.`DTNASC` */;
/*!50001 SET character_set_client      = @saved_cs_client */;
/*!50001 SET character_set_results     = @saved_cs_results */;
/*!50001 SET collation_connection      = @saved_col_connection */;
/*!40103 SET TIME_ZONE=@OLD_TIME_ZONE */;

/*!40101 SET SQL_MODE=@OLD_SQL_MODE */;
/*!40014 SET FOREIGN_KEY_CHECKS=@OLD_FOREIGN_KEY_CHECKS */;
/*!40014 SET UNIQUE_CHECKS=@OLD_UNIQUE_CHECKS */;
/*!40101 SET CHARACTER_SET_CLIENT=@OLD_CHARACTER_SET_CLIENT */;
/*!40101 SET CHARACTER_SET_RESULTS=@OLD_CHARACTER_SET_RESULTS */;
/*!40101 SET COLLATION_CONNECTION=@OLD_COLLATION_CONNECTION */;
/*!40111 SET SQL_NOTES=@OLD_SQL_NOTES */;

-- Dump completed on 2019-09-02 10:10:10
